{
  "B4/lid": {
    "mean": 0.8062056290792067,
    "std": 0.0,
    "seeds": [
      0.8062056290792067
    ]
  },
  "B4/ner": {
    "mean": 0.008756567425569177,
    "std": 0.0,
    "seeds": [
      0.008756567425569177
    ]
  },
  "B4/pos": {
    "mean": 0.6126855600539811,
    "std": 0.0,
    "seeds": [
      0.6126855600539811
    ]
  },
  "R1/lid": {
    "mean": 0.8802718215549291,
    "std": 0.0,
    "seeds": [
      0.8802718215549291
    ]
  },
  "R1/ner": {
    "mean": 0.0,
    "std": 0.0,
    "seeds": [
      0.0
    ]
  },
  "R1/pos": {
    "mean": 0.6627680311890838,
    "std": 0.0,
    "seeds": [
      0.6627680311890838
    ]
  }
}