{
  "A2/lid": {
    "mean": 0.86059,
    "std": 0.002355,
    "seeds": [
      0.862944,
      0.858235
    ]
  },
  "A2/pos": {
    "mean": 0.67229,
    "std": 0.001574,
    "seeds": [
      0.670715,
      0.673864
    ]
  },
  "A3/lid": {
    "mean": 0.874212,
    "std": 0.000788,
    "seeds": [
      0.873424,
      0.875
    ]
  },
  "A3/pos": {
    "mean": 0.67049,
    "std": 0.001724,
    "seeds": [
      0.672215,
      0.668766
    ]
  },
  "B1/lid": {
    "mean": 0.896454,
    "std": 0.002295,
    "seeds": [
      0.894158,
      0.898749
    ]
  },
  "B1/pos": {
    "mean": 0.910931,
    "std": 0.00105,
    "seeds": [
      0.909882,
      0.911981
    ]
  },
  "B2/lid": {
    "mean": 0.805529,
    "std": 0.000553,
    "seeds": [
      0.804976,
      0.806082
    ]
  },
  "B2/ner": {
    "mean": 0.0,
    "std": 0.0,
    "seeds": [
      0.0
    ]
  },
  "B2/pos": {
    "mean": 0.652347,
    "std": 0.002474,
    "seeds": [
      0.654821,
      0.649873
    ]
  },
  "B3/lid": {
    "mean": 0.814785,
    "std": 9e-05,
    "seeds": [
      0.814875,
      0.814695
    ]
  },
  "B3/ner": {
    "mean": 0.002225,
    "std": 0.0,
    "seeds": [
      0.002225
    ]
  },
  "B3/pos": {
    "mean": 0.631804,
    "std": 0.003074,
    "seeds": [
      0.634878,
      0.62873
    ]
  },
  "B4/lid": {
    "mean": 0.804088,
    "std": 0.003148,
    "seeds": [
      0.80094,
      0.807237
    ]
  },
  "B4/ner": {
    "mean": 0.008757,
    "std": 0.0,
    "seeds": [
      0.008757
    ]
  },
  "B4/pos": {
    "mean": 0.611036,
    "std": 0.0012,
    "seeds": [
      0.609837,
      0.612236
    ]
  },
  "R1/lid": {
    "mean": 0.843736,
    "std": 0.032073,
    "seeds": [
      0.87581,
      0.811663
    ]
  },
  "R1/ner": {
    "mean": 0.0,
    "std": 0.0,
    "seeds": [
      0.0
    ]
  },
  "R1/pos": {
    "mean": 0.677613,
    "std": 0.014995,
    "seeds": [
      0.692608,
      0.662618
    ]
  },
  "R2/lid": {
    "mean": 0.889773,
    "std": 0.006497,
    "seeds": [
      0.883275,
      0.89627
    ]
  },
  "R2/pos": {
    "mean": 0.669891,
    "std": 0.01537,
    "seeds": [
      0.654521,
      0.68526
    ]
  },
  "R3/lid": {
    "mean": 0.888644,
    "std": 0.002859,
    "seeds": [
      0.885785,
      0.891502
    ]
  },
  "R3/pos": {
    "mean": 0.669891,
    "std": 0.012521,
    "seeds": [
      0.682411,
      0.65737
    ]
  },
  "R4/lid": {
    "mean": 0.884309,
    "std": 0.001068,
    "seeds": [
      0.883241,
      0.885377
    ]
  },
  "R4/pos": {
    "mean": 0.669141,
    "std": 0.009672,
    "seeds": [
      0.678812,
      0.659469
    ]
  },
  "R5/lid": {
    "mean": 0.843996,
    "std": 0.03242,
    "seeds": [
      0.876415,
      0.811576
    ]
  },
  "R5/pos": {
    "mean": 0.667866,
    "std": 0.002849,
    "seeds": [
      0.665017,
      0.670715
    ]
  },
  "R6/lid": {
    "mean": 0.811995,
    "std": 0.000401,
    "seeds": [
      0.812396,
      0.811595
    ]
  },
  "R6/pos": {
    "mean": 0.664417,
    "std": 0.001799,
    "seeds": [
      0.662618,
      0.666217
    ]
  },
  "R7/lid": {
    "mean": 0.875774,
    "std": 0.001012,
    "seeds": [
      0.876787,
      0.874762
    ]
  },
  "R7/pos": {
    "mean": 0.651972,
    "std": 0.002249,
    "seeds": [
      0.649723,
      0.654221
    ]
  },
  "R8/lid": {
    "mean": 0.866079,
    "std": 0.006296,
    "seeds": [
      0.859783,
      0.872375
    ]
  },
  "R8/pos": {
    "mean": 0.642225,
    "std": 0.021742,
    "seeds": [
      0.663968,
      0.620483
    ]
  },
  "R9/lid": {
    "mean": 0.882878,
    "std": 0.001187,
    "seeds": [
      0.881691,
      0.884065
    ]
  },
  "R9/pos": {
    "mean": 0.667791,
    "std": 7.5e-05,
    "seeds": [
      0.667716,
      0.667866
    ]
  },
  "custom/lid": {
    "mean": 0.828859,
    "std": 0.0,
    "seeds": [
      0.828859
    ]
  }
}