{
  "test": {
    "metric": 0.9119808067176488,
    "accuracy": 0.9119808067176488
  },
  "config": {
    "model_mode": "hingbert",
    "frozen": false
  }
}