{
  "test": {
    "metric": 0.8049756710792142,
    "weighted_f1": 0.8049756710792142
  },
  "config": {
    "model_mode": "hingbert",
    "frozen": true
  }
}