{
  "test": {
    "metric": 0.8066985156138764,
    "weighted_f1": 0.8066985156138764
  },
  "config": {
    "model_mode": "hingbert",
    "frozen": true
  }
}