{
  "test": {
    "metric": 0.6548208127155496,
    "accuracy": 0.6548208127155496
  },
  "config": {
    "model_mode": "hingbert",
    "frozen": true
  }
}