{
  "test": {
    "metric": 0.6498725446093867,
    "accuracy": 0.6498725446093867
  },
  "config": {
    "model_mode": "hingbert",
    "frozen": true
  }
}