{
  "test": {
    "metric": 0.8146951573037926,
    "weighted_f1": 0.8146951573037926
  },
  "config": {
    "model_mode": "roberta",
    "frozen": true
  }
}