{
  "test": {
    "metric": 0.8141573559705316,
    "weighted_f1": 0.8141573559705316
  },
  "config": {
    "model_mode": "roberta",
    "frozen": true
  }
}