{
  "test": {
    "metric": 0.6282801019643125,
    "accuracy": 0.6282801019643125
  },
  "config": {
    "model_mode": "roberta",
    "frozen": true
  }
}