{
  "test": {
    "metric": 0.8072366201304776,
    "weighted_f1": 0.8072366201304776
  },
  "config": {
    "model_mode": "fixed_avg"
  }
}