{
  "test": {
    "metric": 0.8062056290792067,
    "weighted_f1": 0.8062056290792067
  },
  "config": {
    "model_mode": "fixed_avg"
  }
}