{
  "val": {
    "metric": 0.8805147840876186,
    "weighted_f1": 0.8805147840876186
  },
  "test": {
    "metric": 0.828859019883521,
    "weighted_f1": 0.828859019883521
  },
  "config": {
    "model_mode": "moe",
    "tau": 1.0,
    "router_input": "both",
    "sentence_level": false,
    "hard_routing": false
  }
}