{
  "test": {
    "metric": 0.8802718215549291,
    "weighted_f1": 0.8802718215549291
  },
  "config": {
    "model_mode": "moe",
    "tau": 1.0
  }
}