{
  "test": {
    "metric": 0.6627680311890838,
    "accuracy": 0.6627680311890838
  },
  "config": {
    "model_mode": "moe",
    "tau": 1.0
  }
}