{
  "test": {
    "metric": 0.6545209176788124,
    "accuracy": 0.6545209176788124
  },
  "config": {
    "model_mode": "moe",
    "tau": 0.1
  }
}