{
  "test": {
    "metric": 0.6852601589443694,
    "accuracy": 0.6852601589443694
  },
  "config": {
    "model_mode": "moe",
    "tau": 0.1
  }
}