{
  "test": {
    "metric": 0.8857848286840918,
    "weighted_f1": 0.8857848286840918
  },
  "config": {
    "model_mode": "moe",
    "tau": 0.3
  }
}