{
  "test": {
    "metric": 0.8915021844505311,
    "weighted_f1": 0.8915021844505311
  },
  "config": {
    "model_mode": "moe",
    "tau": 0.3
  }
}