{
  "test": {
    "metric": 0.6824111560953666,
    "accuracy": 0.6824111560953666
  },
  "config": {
    "model_mode": "moe",
    "tau": 0.3
  }
}