{
  "test": {
    "metric": 0.6573699205278153,
    "accuracy": 0.6573699205278153
  },
  "config": {
    "model_mode": "moe",
    "tau": 0.3
  }
}