{
  "test": {
    "metric": 0.8832414983429128,
    "weighted_f1": 0.8832414983429128
  },
  "config": {
    "model_mode": "moe",
    "tau": 0.5
  }
}