{
  "test": {
    "metric": 0.8853770828915294,
    "weighted_f1": 0.8853770828915294
  },
  "config": {
    "model_mode": "moe",
    "tau": 0.5
  }
}