{
  "test": {
    "metric": 0.6788124156545209,
    "accuracy": 0.6788124156545209
  },
  "config": {
    "model_mode": "moe",
    "tau": 0.5
  }
}