{
  "test": {
    "metric": 0.6594691857849753,
    "accuracy": 0.6594691857849753
  },
  "config": {
    "model_mode": "moe",
    "tau": 0.5
  }
}