{
  "test": {
    "metric": 0.8115761449036858,
    "weighted_f1": 0.8115761449036858
  },
  "config": {
    "model_mode": "moe",
    "tau": 2.0
  }
}