{
  "test": {
    "metric": 0.6707152496626181,
    "accuracy": 0.6707152496626181
  },
  "config": {
    "model_mode": "moe",
    "tau": 2.0
  }
}