{
  "test": {
    "metric": 0.6650172439646124,
    "accuracy": 0.6650172439646124
  },
  "config": {
    "model_mode": "moe",
    "tau": 2.0
  }
}