{
  "test": {
    "metric": 0.8123958380681462,
    "weighted_f1": 0.8123958380681462
  },
  "config": {
    "model_mode": "moe",
    "tau": 1.0,
    "sentence_level": true
  }
}