epoch,train_loss,val_metric
1,0.8166926383972168,0.6215654081267645
2,0.5804422006962148,0.6631000099999541
3,0.5396703403046791,0.6742860682758847
