epoch,train_loss,val_metric
1,0.6955133821101899,0.7670709420593625
2,0.40859792067649514,0.8536892516880543
