epoch,train_loss,val_metric
1,0.7182050846992655,0.7575167185269324
2,0.4579848843686124,0.8140390764638339
