{
  "test": {
    "metric": 0.8987493460344773,
    "weighted_f1": 0.8987493460344773
  },
  "config": {
    "model_mode": "hingbert",
    "frozen": false
  }
}