{
  "test": {
    "metric": 0.8941583613300115,
    "weighted_f1": 0.8941583613300115
  },
  "config": {
    "model_mode": "hingbert",
    "frozen": false
  }
}