{
  "test": {
    "metric": 0.9098815414604888,
    "accuracy": 0.9098815414604888
  },
  "config": {
    "model_mode": "hingbert",
    "frozen": false
  }
}