{
  "test": {
    "metric": 0.8060816577189779,
    "weighted_f1": 0.8060816577189779
  },
  "config": {
    "model_mode": "hingbert",
    "frozen": true
  }
}