{
  "test": {
    "metric": 0.8148754205591238,
    "weighted_f1": 0.8148754205591238
  },
  "config": {
    "model_mode": "roberta",
    "frozen": true
  }
}