{
  "test": {
    "metric": 0.6287299445194182,
    "accuracy": 0.6287299445194182
  },
  "config": {
    "model_mode": "roberta",
    "frozen": true
  }
}