{
  "test": {
    "metric": 0.6348777927725296,
    "accuracy": 0.6348777927725296
  },
  "config": {
    "model_mode": "roberta",
    "frozen": true
  }
}