{
  "val": {
    "metric": 0.9063278085957343,
    "weighted_f1": 0.9063278085957343
  },
  "test": {
    "metric": 0.8758097249228081,
    "weighted_f1": 0.8758097249228081
  },
  "config": {
    "model_mode": "moe",
    "tau": 1.0,
    "router_input": "both",
    "sentence_level": false,
    "hard_routing": false
  }
}