{
  "val": {
    "metric": 0.6627861854870004,
    "accuracy": 0.6627861854870004
  },
  "test": {
    "metric": 0.6626180836707153,
    "accuracy": 0.6626180836707153
  },
  "config": {
    "model_mode": "moe",
    "tau": 1.0,
    "router_input": "both",
    "sentence_level": false,
    "hard_routing": false
  }
}