{
  "test": {
    "metric": 0.8962701397279602,
    "weighted_f1": 0.8962701397279602
  },
  "config": {
    "model_mode": "moe",
    "tau": 0.1
  }
}