{
  "test": {
    "metric": 0.8832752163182753,
    "weighted_f1": 0.8832752163182753
  },
  "config": {
    "model_mode": "moe",
    "tau": 0.1
  }
}