{
  "test": {
    "metric": 0.8764154658790232,
    "weighted_f1": 0.8764154658790232
  },
  "config": {
    "model_mode": "moe",
    "tau": 2.0
  }
}