{
  "test": {
    "metric": 0.8115947943812761,
    "weighted_f1": 0.8115947943812761
  },
  "config": {
    "model_mode": "moe",
    "tau": 1.0,
    "sentence_level": true
  }
}