{
  "test": {
    "metric": 0.6662168241115609,
    "accuracy": 0.6662168241115609
  },
  "config": {
    "model_mode": "moe",
    "tau": 1.0,
    "sentence_level": true
  }
}