{
  "test": {
    "metric": 0.8747619460315506,
    "weighted_f1": 0.8747619460315506
  },
  "config": {
    "model_mode": "moe",
    "tau": 1.0,
    "hard_routing": true
  }
}